GROUP,PACKAGE,CLASS,INSTRUCTION_MISSED,INSTRUCTION_COVERED,BRANCH_MISSED,BRANCH_COVERED,LINE_MISSED,LINE_COVERED,COMPLEXITY_MISSED,COMPLEXITY_COVERED,METHOD_MISSED,METHOD_COVERED
TestingApp,com.Soham.Module_8_Sprinboot_DeploymentWithCICD.Dtos,EmployeeDto,66,0,12,0,4,0,8,0,2,0
TestingApp,com.Soham.Module_8_Sprinboot_DeploymentWithCICD,Module8SprinbootDeploymentWithCicdApplication,5,1,0,0,2,1,1,1,1,1
TestingApp,com.Soham.Module_8_Sprinboot_DeploymentWithCICD.Controllers,HealthCheckController,3,3,0,0,1,1,1,1,1,1
TestingApp,com.Soham.Module_8_Sprinboot_DeploymentWithCICD.Controllers,EmployeeController,35,0,0,0,8,0,4,0,4,0
TestingApp,com.Soham.Module_8_Sprinboot_DeploymentWithCICD.Services.Imple,DataServiceImpleDev,5,0,0,0,2,0,2,0,2,0
TestingApp,com.Soham.Module_8_Sprinboot_DeploymentWithCICD.Services.Imple,EmployeeServiceImpl,178,4,6,0,37,1,9,1,6,1
TestingApp,com.Soham.Module_8_Sprinboot_DeploymentWithCICD.Services.Imple,DataServiceImpleProd,5,0,0,0,2,0,2,0,2,0
TestingApp,com.Soham.Module_8_Sprinboot_DeploymentWithCICD.Advices,GlobalExceptionHanlder,6,3,0,0,2,1,2,1,2,1
TestingApp,com.Soham.Module_8_Sprinboot_DeploymentWithCICD.Exceptions,ResourceNotFoundException,9,0,0,0,4,0,2,0,2,0
TestingApp,com.Soham.Module_8_Sprinboot_DeploymentWithCICD.Config,AppConfig,0,7,0,0,0,2,0,2,0,2
